{
  "v": 1,
  "global_ema": 0.5903,
  "global_n": 12,
  "last_day": "2026-06-15",
  "ctx": {
    "PE|24000": {
      "ema": 0.51125,
      "n": 2,
      "last_seen_mono": 284169.7323039
    },
    "CE|23950": {
      "ema": 0.49687812499999995,
      "n": 4,
      "last_seen_mono": 280282.044331
    },
    "PE|0": {
      "ema": 0.5429375,
      "n": 3,
      "last_seen_mono": 290793.546649
    },
    "PE|23950": {
      "ema": 0.48874999999999996,
      "n": 2,
      "last_seen_mono": 292831.6533437
    },
    "CE|23900": {
      "ema": 0.575,
      "n": 1,
      "last_seen_mono": 300.0
    }
  }
}